Workbook

Sheet Assumptions
A1: Assumptions — paper-authoritative constants (v3_9x6_1). BLUE = input. Sources in column D.
A3: Anchor Wh per 400-token query (GPT-4o-mini) | B3: 0.577 | D3: Jegham et al. [15]; 100 input + 300 output tokens (Section 4.4)
A4: Per-1,000-token conversion factor | B4: =1000/300 -> 3.3333333 | D4: Equals 1000/300 total tokens (Section 4.11.1 -- 100 input tokens, 300 output tokens, not 400 tokens)
A5: Anchor TPS (gpt-4o-mini, campaign P50) | B5: 78.3 | D5: Frozen corpus 24 Jun-22 Aug 2026 (SHA-256 01c57eb5...84cc6), n=105
A6: PUE multiplier (central, absolute) | B6: 1.05 | D6: PUE_Calculation_Aug2026.xlsx / Table 6
A7: PQPC for GPT-5.x | B7: 2.99 | D7: Section 4.10 (GB200/GB300-dominant fleet)
A8: PQPC for GPT-4o-mini | B8: 1 | D8: Section 4.11.4 (A100-era anchor deployment)
A9: Location-based intensity gCO2e/Wh | B9: 0.353 | D9: Table 3 / Section 4.7
A10: Market-based intensity gCO2e/Wh (Stargate credited at Oracle FY25 corporate 46 gCO2e/kWh — Section 4.8) | B10: 0.0642 | D10: Table 5 / Section 4.8
A11: A_low | B11: 0.71 | D11: Section 4.11.8 (0.30/0.423)
A12: A_high | B12: 1 | D12: Section 4.11.8
A13: PQPC_low (relative) | B13: 0.53 | D13: Section 4.10
A14: PQPC_high (relative) | B14: 1.48 | D14: Section 4.10
A15: P_low | B15: 0.95 | D15: Table 6 relative
A16: P_high | B16: 1.03 | D16: Table 6 relative
... A20: Fixed_high GPT-4o-mini | B20: 1.03 | D20: Equals 1.00 x 1.00 x 1.03 (Section 4.11.8)
A22: Corpus provenance: InferenceCarbon_corpus_frozen_20260822.zip, SHA-256 01c57eb5bf41476fee8e06a8b677a72c172c849741cc65a9b554cf7397d84cc6. Copyright (c) 2026 InferenceCarbon Ltd.

Sheet Corpus
A1: Measured inputs from the frozen corpus (24 Jun - 22 Aug 2026). All values BLUE = measured data (medians / daily-median stats), not editable assumptions.
A2: Row label | B2: Corpus label | C2: TPS median (P50) | D2: n TPS | E2: TPS daily-median mean | F2: TPS daily-median SD | G2: days | H2: R central (1k hard) | I2: n | J2: R short (100/300 hard) | K2: n | L2: R long (10k hard) | M2: n | N2: R floor (easy 10k) | O2: R heavy (k=36) | P2: n | Q2: Mode | R2: PQPC class
A3: gpt-4o-mini | B3: gpt-4o-mini | C3: 78.3 | D3: 105 | E3: 80.1 | F3: 23.9 | G3: 57 | H3: 1 | I3: 47 | J3: 1 | K3: 46 | L3: 1 | M3: 4 | N3: 1 | O3: 1 | P3: 12 | Q3: None | R3: 4o
A4: gpt-5 (high) | B4: gpt-5 (high) | C4: 69 | D4: 94 | E4: 68.1 | F4: 15.7 | G4: 56 | H4: 6.12 | I4: 32 | J4: 9.1 | K4: 34 | N4: 3.24 | O4: 14.39 | P4: 12 | Q4: High | R4: 5x
A5: gpt-5 (xhigh) | B5: gpt-5 (xhigh) | C5: 61.85 | D5: 101 | E5: 63.8 | F5: 16.7 | G5: 56 | H5: 3.75 | I5: 38 | J5: 5.77 | K5: 35 | L5: 3.59 | M5: 2 | N5: 1.67 | O5: 8.71 | P5: 12 | Q5: xHigh | R5: 5x
A6: gpt-5.2 (non-reasoning) | B6: gpt-5.2 (minimal) | C6: 60.3 | D6: 102 | E6: 59.6 | F6: 6.4 | G6: 57 | H6: 1 | I6: 40 | J6: 1 | K6: 37 | L6: 1 | M6: 4 | N6: 1 | O6: 1 | P6: 20 | Q6: None | R6: 5x
A7: gpt-5.2 (xhigh) | B7: gpt-5.2 (xhigh) | C7: 59.39 | D7: 102 | E7: 59.1 | F7: 6.9 | G7: 56 | H7: 3.22 | I7: 34 | J7: 3.59 | K7: 37 | N7: 1.48 | O7: 7.08 | P7: 12 | Q7: xHigh | R7: 5x
A8: gpt-5.4-nano (non-reasoning) | B8: gpt-5.4-nano (minimal) | C8: 156.58 | D8: 102 | E8: 156.6 | F8: 18.7 | G8: 57 | H8: 1 | I8: 40 | J8: 1 | K8: 37 | L8: 1 | M8: 4 | N8: 1 | O8: 1 | P8: 20 | Q8: None | R8: 5x
A9: gpt-5.4-nano (medium) | B9: gpt-5.4-nano (medium) | C9: 156 | D9: 102 | E9: 152.3 | F9: 22.1 | G9: 57 | H9: 1.83 | I9: 40 | J9: 1.98 | K9: 37 | L9: 1.83 | M9: 4 | N9: 1.07 | O9: 3.62 | P9: 20 | Q9: Medium | R9: 5x
A10: gpt-5.4-nano (xhigh) | B10: gpt-5.4-nano (xhigh) | C10: 154.37 | D10: 99 | E10: 153.7 | F10: 19.8 | G10: 56 | H10: 3.7 | I10: 39 | J10: 4.1 | K10: 37 | L10: 3.89 | M10: 4 | N10: 2.03 | O10: 8.31 | P10: 12 | Q10: xHigh | R10: 5x
A11: gpt-5.4-mini (non-reasoning) | B11: gpt-5.4-mini (minimal) | C11: 145.41 | D11: 103 | E11: 140.5 | F11: 18.1 | G11: 57 | H11: 1 | I11: 40 | J11: 1 | K11: 37 | L11: 1 | M11: 4 | N11: 1 | O11: 1 | P11: 20 | Q11: None | R11: 5x
A12: gpt-5.4-mini (medium) | B12: gpt-5.4-mini (medium) | C12: 140.63 | D12: 102 | E12: 136.7 | F12: 15.2 | G12: 57 | H12: 1.67 | I12: 40 | J12: 1.78 | K12: 37 | L12: 1.72 | M12: 4 | N12: 1.08 | O12: 3.66 | P12: 20 | Q12: Medium | R12: 5x
A13: gpt-5.4-mini (xhigh) | B13: gpt-5.4-mini (xhigh) | C13: 145.78 | D13: 33 | E13: 139.2 | F13: 24.5 | G13: 23 | H13: 13.01 | I13: 27 | J13: 12.5 | K13: 33 | L13: 5.23 | M13: 1 | N13: 3.71 | O13: 35.9 | P13: 12 | Q13: xHigh | R13: 5x
A14: gpt-5.4 (non-reasoning) | B14: gpt-5.4 (minimal) | C14: 85.94 | D14: 102 | E14: 86 | F14: 12.7 | G14: 57 | H14: 1 | I14: 40 | J14: 1 | K14: 37 | L14: 1 | M14: 4 | N14: 1 | O14: 1 | P14: 20 | Q14: None | R14: 5x
A15: gpt-5.4 (xhigh) | B15: gpt-5.4 (xhigh) | C15: 95.16 | D15: 61 | E15: 95.6 | F15: 10.1 | G15: 44 | H15: 3.89 | I15: 39 | J15: 4.05 | K15: 36 | L15: 2.99 | M15: 1 | N15: 1.44 | O15: 6.84 | P15: 12 | Q15: xHigh | R15: 5x
A16: gpt-5.5 (minimal) | B16: gpt-5.5 (minimal) | C16: 59.88 | D16: 102 | E16: 60.9 | F16: 9.2 | G16: 57 | H16: 1.71 | I16: 39 | J16: 2.07 | K16: 37 | L16: 1.84 | M16: 4 | N16: 1.02 | O16: 5.82 | P16: 12 | Q16: Minimal (measured) | R16: 5x
A17: gpt-5.5 (low) | B17: gpt-5.5 (low) | C17: 61.38 | D17: 102 | E17: 61.2 | F17: 8.6 | G17: 57 | H17: 1.45 | I17: 39 | J17: 1.64 | K17: 37 | L17: 1.34 | M17: 4 | N17: 1.01 | O17: 2.07 | P17: 20 | Q17: Low | R17: 5x
A18: gpt-5.5 (medium) | B18: gpt-5.5 (medium) | C18: 60.89 | D18: 103 | E18: 61.4 | F18: 9.1 | G18: 57 | H18: 1.69 | I18: 39 | J18: 2.01 | K18: 37 | L18: 1.54 | M18: 4 | N18: 1.02 | O18: 3.21 | P18: 12 | Q18: Medium | R18: 5x
A19: gpt-5.5 (high) | B19: gpt-5.5 (high) | C19: 60.69 | D19: 101 | E19: 61.5 | F19: 9 | G19: 56 | H19: 2.39 | I19: 39 | J19: 2.99 | K19: 36 | L19: 2.2 | M19: 4 | N19: 1.14 | O19: 4.93 | P19: 12 | Q19: High | R19: 5x
... A36: gpt-5.6-terra (xhigh) | B36: gpt-5.6-terra (xhigh) | C36: 95.22 | D36: 66 | E36: 94.7 | F36: 8.4 | G36: 40 | H36: 1.68 | I36: 39 | J36: 1.94 | K36: 36 | L36: 1.57 | M36: 3 | N36: 1.08 | O36: 3.88 | P36: 20 | Q36: xHigh | R36: 5x

Sheet Table7
A1: Table 7 — Anchor scaling chain (all formulas). Anchor 0.577 Wh x 2.5 -> TPS scale -> PUE -> PQPC -> Reasoning multiplier.
A2: Model | B2: Anchor Wh/1,000 tokens | C2: Tokens-Per-Second | D2: TPS Adjustment | E2: TPS-Scaled Wh | F2: PUE Multiplier | G2: PUE-Adjusted Wh | H2: PQPC | I2: PQPC-Adjusted Wh | J2: Reasoning Mode | K2: Reasoning Multiplier | L2: Adjusted Per-Model Wh/1,000 tokens
A3: gpt-4o-mini | B3: =Assumptions!$B$3*Assumptions!$B$4 -> 1.9233333 | C3: =Corpus!C3 -> 78.3 | D3: =Assumptions!$B$5/C3 -> 1 | E3: =B3*D3 -> 1.9233333 | F3: =Assumptions!$B$6 -> 1.05 | G3: =E3*F3 -> 2.0195 | H3: =IF(Corpus!R3="5x",Assumptions!$B$7,Assumptions!$B$8) -> 1 | I3: =G3*H3 -> 2.0195 | J3: =Corpus!Q3 -> None | K3: =Corpus!H3 -> 1 | L3: =I3*K3 -> 2.0195
A4: gpt-5 (high) | B4: =Assumptions!$B$3*Assumptions!$B$4 -> 1.9233333 | C4: =Corpus!C4 -> 69 | D4: =Assumptions!$B$5/C4 -> 1.1347826 | E4: =B4*D4 -> 2.1825652 | F4: =Assumptions!$B$6 -> 1.05 | G4: =E4*F4 -> 2.2916935 | H4: 2.99 | I4: =G4*H4 -> 6.8521635 | J4: =Corpus!Q4 -> High | K4: =Corpus!H4 -> 6.12 | L4: =I4*K4 -> 41.935241
A5: gpt-5 (xhigh) | B5: =Assumptions!$B$3*Assumptions!$B$4 -> 1.9233333 | C5: =Corpus!C5 -> 61.85 | D5: =Assumptions!$B$5/C5 -> 1.265966 | E5: =B5*D5 -> 2.4348747 | F5: =Assumptions!$B$6 -> 1.05 | G5: =E5*F5 -> 2.5566184 | H5: 2.99 | I5: =G5*H5 -> 7.6442891 | J5: =Corpus!Q5 -> xHigh | K5: =Corpus!H5 -> 3.75 | L5: =I5*K5 -> 28.666084
A6: gpt-5.2 (non-reasoning) | B6: =Assumptions!$B$3*Assumptions!$B$4 -> 1.9233333 | C6: =Corpus!C6 -> 60.3 | D6: =Assumptions!$B$5/C6 -> 1.2985075 | E6: =B6*D6 -> 2.4974627 | F6: =Assumptions!$B$6 -> 1.05 | G6: =E6*F6 -> 2.6223358 | H6: 2.99 | I6: =G6*H6 -> 7.8407841 | J6: =Corpus!Q6 -> None | K6: =Corpus!H6 -> 1 | L6: =I6*K6 -> 7.8407841
A7: gpt-5.2 (xhigh) | B7: =Assumptions!$B$3*Assumptions!$B$4 -> 1.9233333 | C7: =Corpus!C7 -> 59.39 | D7: =Assumptions!$B$5/C7 -> 1.3184038 | E7: =B7*D7 -> 2.5357299 | F7: =Assumptions!$B$6 -> 1.05 | G7: =E7*F7 -> 2.6625164 | H7: 2.99 | I7: =G7*H7 -> 7.9609241 | J7: =Corpus!Q7 -> xHigh | K7: =Corpus!H7 -> 3.22 | L7: =I7*K7 -> 25.634176
A8: gpt-5.4-nano (non-reasoning) | B8: =Assumptions!$B$3*Assumptions!$B$4 -> 1.9233333 | C8: =Corpus!C8 -> 156.58 | D8: =Assumptions!$B$5/C8 -> 0.50006387 | E8: =B8*D8 -> 0.9617895 | F8: =Assumptions!$B$6 -> 1.05 | G8: =E8*F8 -> 1.009879 | H8: 2.99 | I8: =G8*H8 -> 3.0195381 | J8: =Corpus!Q8 -> None | K8: =Corpus!H8 -> 1 | L8: =I8*K8 -> 3.0195381
A9: gpt-5.4-nano (medium) | B9: =Assumptions!$B$3*Assumptions!$B$4 -> 1.9233333 | C9: =Corpus!C9 -> 156 | D9: =Assumptions!$B$5/C9 -> 0.50192308 | E9: =B9*D9 -> 0.96536538 | F9: =Assumptions!$B$6 -> 1.05 | G9: =E9*F9 -> 1.0136337 | H9: 2.99 | I9: =G9*H9 -> 3.0307646 | J9: =Corpus!Q9 -> Medium | K9: =Corpus!H9 -> 1.83 | L9: =I9*K9 -> 5.5462993
A10: gpt-5.4-nano (xhigh) | B10: =Assumptions!$B$3*Assumptions!$B$4 -> 1.9233333 | C10: =Corpus!C10 -> 154.37 | D10: =Assumptions!$B$5/C10 -> 0.50722291 | E10: =B10*D10 -> 0.97555872 | F10: =Assumptions!$B$6 -> 1.05 | G10: =E10*F10 -> 1.0243367 | H10: 2.99 | I10: =G10*H10 -> 3.0627666 | J10: =Corpus!Q10 -> xHigh | K10: =Corpus!H10 -> 3.7 | L10: =I10*K10 -> 11.332236
A11: gpt-5.4-mini (non-reasoning) | B11: =Assumptions!$B$3*Assumptions!$B$4 -> 1.9233333 | C11: =Corpus!C11 -> 145.41 | D11: =Assumptions!$B$5/C11 -> 0.53847741 | E11: =B11*D11 -> 1.0356715 | F11: =Assumptions!$B$6 -> 1.05 | G11: =E11*F11 -> 1.0874551 | H11: 2.99 | I11: =G11*H11 -> 3.2514908 | J11: =Corpus!Q11 -> None | K11: =Corpus!H11 -> 1 | L11: =I11*K11 -> 3.2514908
A12: gpt-5.4-mini (medium) | B12: =Assumptions!$B$3*Assumptions!$B$4 -> 1.9233333 | C12: =Corpus!C12 -> 140.63 | D12: =Assumptions!$B$5/C12 -> 0.5567802 | E12: =B12*D12 -> 1.0708739 | F12: =Assumptions!$B$6 -> 1.05 | G12: =E12*F12 -> 1.1244176 | H12: 2.99 | I12: =G12*H12 -> 3.3620087 | J12: =Corpus!Q12 -> Medium | K12: =Corpus!H12 -> 1.67 | L12: =I12*K12 -> 5.6145545
A13: gpt-5.4-mini (xhigh) | B13: =Assumptions!$B$3*Assumptions!$B$4 -> 1.9233333 | C13: =Corpus!C13 -> 145.78 | D13: =Assumptions!$B$5/C13 -> 0.53711071 | E13: =B13*D13 -> 1.0330429 | F13: =Assumptions!$B$6 -> 1.05 | G13: =E13*F13 -> 1.0846951 | H13: 2.99 | I13: =G13*H13 -> 3.2432383 | J13: =Corpus!Q13 -> xHigh | K13: =Corpus!H13 -> 13.01 | L13: =I13*K13 -> 42.19453
A14: gpt-5.4 (non-reasoning) | B14: =Assumptions!$B$3*Assumptions!$B$4 -> 1.9233333 | C14: =Corpus!C14 -> 85.94 | D14: =Assumptions!$B$5/C14 -> 0.91110077 | E14: =B14*D14 -> 1.7523505 | F14: =Assumptions!$B$6 -> 1.05 | G14: =E14*F14 -> 1.839968 | H14: 2.99 | I14: =G14*H14 -> 5.5015043 | J14: =Corpus!Q14 -> None | K14: =Corpus!H14 -> 1 | L14: =I14*K14 -> 5.5015043
A15: gpt-5.4 (xhigh) | B15: =Assumptions!$B$3*Assumptions!$B$4 -> 1.9233333 | C15: =Corpus!C15 -> 95.16 | D15: =Assumptions!$B$5/C15 -> 0.82282472 | E15: =B15*D15 -> 1.5825662 | F15: =Assumptions!$B$6 -> 1.05 | G15: =E15*F15 -> 1.6616945 | H15: 2.99 | I15: =G15*H15 -> 4.9684666 | J15: =Corpus!Q15 -> xHigh | K15: =Corpus!H15 -> 3.89 | L15: =I15*K15 -> 19.327335
... A36: gpt-5.6-terra (xhigh) | B36: =Assumptions!$B$3*Assumptions!$B$4 -> 1.9233333 | C36: =Corpus!C36 -> 95.22 | D36: =Assumptions!$B$5/C36 -> 0.82230624 | E36: =B36*D36 -> 1.581569 | F36: =Assumptions!$B$6 -> 1.05 | G36: =E36*F36 -> 1.6606474 | H36: 2.99 | I36: =G36*H36 -> 4.9653359 | J36: =Corpus!Q36 -> xHigh | K36: =Corpus!H36 -> 1.68 | L36: =I36*K36 -> 8.3417643
A38: gpt-5.6-sol (max)*: xhigh values carried as explicit floors (limitation 18; tier not measured before the close). gpt-5 (xhigh) row added at data close: effort ladder is non-monotonic (R falls 6.12 -> 3.75).

Sheet Table8
A1: Table 8 — Conversion to location-based and market-based gCO2e/1,000 tokens.
A2: Model | B2: Adjusted Per-Model Wh/1,000 tokens | C2: LB gCO2e/Wh | D2: MB gCO2e/Wh | E2: Location-Based gCO2e/1,000 tokens | F2: Market-Based gCO2e/1,000 tokens
A3: gpt-4o-mini | B3: =Table7!L3 -> 2.0195 | C3: =Assumptions!$B$9 -> 0.353 | D3: =Assumptions!$B$10 -> 0.0642 | E3: =B3*C3 -> 0.7128835 | F3: =B3*D3 -> 0.1296519
A4: gpt-5 (high) | B4: =Table7!L4 -> 41.935241 | C4: =Assumptions!$B$9 -> 0.353 | D4: =Assumptions!$B$10 -> 0.0642 | E4: =B4*C4 -> 14.80314 | F4: =B4*D4 -> 2.6922424
A5: gpt-5 (xhigh) | B5: =Table7!L5 -> 28.666084 | C5: =Assumptions!$B$9 -> 0.353 | D5: =Assumptions!$B$10 -> 0.0642 | E5: =B5*C5 -> 10.119128 | F5: =B5*D5 -> 1.8403626
A6: gpt-5.2 (non-reasoning) | B6: =Table7!L6 -> 7.8407841 | C6: =Assumptions!$B$9 -> 0.353 | D6: =Assumptions!$B$10 -> 0.0642 | E6: =B6*C6 -> 2.7677968 | F6: =B6*D6 -> 0.50337834
A7: gpt-5.2 (xhigh) | B7: =Table7!L7 -> 25.634176 | C7: =Assumptions!$B$9 -> 0.353 | D7: =Assumptions!$B$10 -> 0.0642 | E7: =B7*C7 -> 9.048864 | F7: =B7*D7 -> 1.6457141
A8: gpt-5.4-nano (non-reasoning) | B8: =Table7!L8 -> 3.0195381 | C8: =Assumptions!$B$9 -> 0.353 | D8: =Assumptions!$B$10 -> 0.0642 | E8: =B8*C8 -> 1.065897 | F8: =B8*D8 -> 0.19385435
A9: gpt-5.4-nano (medium) | B9: =Table7!L9 -> 5.5462993 | C9: =Assumptions!$B$9 -> 0.353 | D9: =Assumptions!$B$10 -> 0.0642 | E9: =B9*C9 -> 1.9578436 | F9: =B9*D9 -> 0.35607241
A10: gpt-5.4-nano (xhigh) | B10: =Table7!L10 -> 11.332236 | C10: =Assumptions!$B$9 -> 0.353 | D10: =Assumptions!$B$10 -> 0.0642 | E10: =B10*C10 -> 4.0002795 | F10: =B10*D10 -> 0.72752958
A11: gpt-5.4-mini (non-reasoning) | B11: =Table7!L11 -> 3.2514908 | C11: =Assumptions!$B$9 -> 0.353 | D11: =Assumptions!$B$10 -> 0.0642 | E11: =B11*C11 -> 1.1477763 | F11: =B11*D11 -> 0.20874571
A12: gpt-5.4-mini (medium) | B12: =Table7!L12 -> 5.6145545 | C12: =Assumptions!$B$9 -> 0.353 | D12: =Assumptions!$B$10 -> 0.0642 | E12: =B12*C12 -> 1.9819377 | F12: =B12*D12 -> 0.3604544
A13: gpt-5.4-mini (xhigh) | B13: =Table7!L13 -> 42.19453 | C13: =Assumptions!$B$9 -> 0.353 | D13: =Assumptions!$B$10 -> 0.0642 | E13: =B13*C13 -> 14.894669 | F13: =B13*D13 -> 2.7088889
A14: gpt-5.4 (non-reasoning) | B14: =Table7!L14 -> 5.5015043 | C14: =Assumptions!$B$9 -> 0.353 | D14: =Assumptions!$B$10 -> 0.0642 | E14: =B14*C14 -> 1.942031 | F14: =B14*D14 -> 0.35319658
... A36: gpt-5.6-terra (xhigh) | B36: =Table7!L36 -> 8.3417643 | C36: =Assumptions!$B$9 -> 0.353 | D36: =Assumptions!$B$10 -> 0.0642 | E36: =B36*C36 -> 2.9446428 | F36: =B36*D36 -> 0.53554127

Sheet C_Low
A1: Appendix C — staged low-range calculation (formulas). T uses daily-median mean/SD; R band: floor (low) / short-query edge (high) relative to 1k central.
A2: Model | B2: Adjusted Wh | C2: TPS Mean | D2: TPS SD | E2: Reasoning Mode | F2: Fixed_low | G2: TPS_low | H2: R_low | I2: Compounded | J2: Wh_low | K2: LB gCO2e/1,000 tokens | L2: MB gCO2e/1,000 tokens
A3: gpt-4o-mini | B3: =Table7!L3 -> 2.0195 | C3: =Corpus!E3 -> 80.1 | D3: =Corpus!F3 -> 23.9 | E3: =Corpus!Q3 -> None | F3: =IF(Corpus!R3="5x",Assumptions!$B$17,Assumptions!$B$19) -> 0.67 | G3: =C3/(C3+D3) -> 0.77019231 | H3: =IF(Corpus!Q3="None",1,Corpus!N3/Corpus!H3) -> 1 | I3: =F3*G3*H3 -> 0.51602885 | J3: =B3*I3 -> 1.0421203 | K3: =J3*Assumptions!$B$9 -> 0.36786845 | L3: =J3*Assumptions!$B$10 -> 0.06690412
A4: gpt-5 (high) | B4: =Table7!L4 -> 41.935241 | C4: =Corpus!E4 -> 68.1 | D4: =Corpus!F4 -> 15.7 | E4: =Corpus!Q4 -> High | F4: =IF(Corpus!R4="5x",Assumptions!$B$17,Assumptions!$B$19) -> 0.36 | G4: =C4/(C4+D4) -> 0.81264916 | H4: =IF(Corpus!Q4="None",1,Corpus!N4/Corpus!H4) -> 0.52941176 | I4: =F4*G4*H4 -> 0.15488137 | J4: =B4*I4 -> 6.4949875 | K4: =J4*Assumptions!$B$9 -> 2.2927306 | L4: =J4*Assumptions!$B$10 -> 0.4169782
A5: gpt-5 (xhigh) | B5: =Table7!L5 -> 28.666084 | C5: =Corpus!E5 -> 63.8 | D5: =Corpus!F5 -> 16.7 | E5: =Corpus!Q5 -> xHigh | F5: =IF(Corpus!R5="5x",Assumptions!$B$17,Assumptions!$B$19) -> 0.36 | G5: =C5/(C5+D5) -> 0.79254658 | H5: =IF(Corpus!Q5="None",1,Corpus!N5/Corpus!H5) -> 0.44533333 | I5: =F5*G5*H5 -> 0.12706107 | J5: =B5*I5 -> 3.6423433 | K5: =J5*Assumptions!$B$9 -> 1.2857472 | L5: =J5*Assumptions!$B$10 -> 0.23383844
A6: gpt-5.2 (non-reasoning) | B6: =Table7!L6 -> 7.8407841 | C6: =Corpus!E6 -> 59.6 | D6: =Corpus!F6 -> 6.4 | E6: =Corpus!Q6 -> None | F6: =IF(Corpus!R6="5x",Assumptions!$B$17,Assumptions!$B$19) -> 0.36 | G6: =C6/(C6+D6) -> 0.9030303 | H6: =IF(Corpus!Q6="None",1,Corpus!N6/Corpus!H6) -> 1 | I6: =F6*G6*H6 -> 0.32509091 | J6: =B6*I6 -> 2.5489676 | K6: =J6*Assumptions!$B$9 -> 0.89978557 | L6: =J6*Assumptions!$B$10 -> 0.16364372
A7: gpt-5.2 (xhigh) | B7: =Table7!L7 -> 25.634176 | C7: =Corpus!E7 -> 59.1 | D7: =Corpus!F7 -> 6.9 | E7: =Corpus!Q7 -> xHigh | F7: =IF(Corpus!R7="5x",Assumptions!$B$17,Assumptions!$B$19) -> 0.36 | G7: =C7/(C7+D7) -> 0.89545455 | H7: =IF(Corpus!Q7="None",1,Corpus!N7/Corpus!H7) -> 0.45962733 | I7: =F7*G7*H7 -> 0.14816714 | J7: =B7*I7 -> 3.7981424 | K7: =J7*Assumptions!$B$9 -> 1.3407443 | L7: =J7*Assumptions!$B$10 -> 0.24384074
A8: gpt-5.4-nano (non-reasoning) | B8: =Table7!L8 -> 3.0195381 | C8: =Corpus!E8 -> 156.6 | D8: =Corpus!F8 -> 18.7 | E8: =Corpus!Q8 -> None | F8: =IF(Corpus!R8="5x",Assumptions!$B$17,Assumptions!$B$19) -> 0.36 | G8: =C8/(C8+D8) -> 0.89332573 | H8: =IF(Corpus!Q8="None",1,Corpus!N8/Corpus!H8) -> 1 | I8: =F8*G8*H8 -> 0.32159726 | J8: =B8*I8 -> 0.9710752 | K8: =J8*Assumptions!$B$9 -> 0.34278954 | L8: =J8*Assumptions!$B$10 -> 0.062343028
A9: gpt-5.4-nano (medium) | B9: =Table7!L9 -> 5.5462993 | C9: =Corpus!E9 -> 152.3 | D9: =Corpus!F9 -> 22.1 | E9: =Corpus!Q9 -> Medium | F9: =IF(Corpus!R9="5x",Assumptions!$B$17,Assumptions!$B$19) -> 0.36 | G9: =C9/(C9+D9) -> 0.87327982 | H9: =IF(Corpus!Q9="None",1,Corpus!N9/Corpus!H9) -> 0.58469945 | I9: =F9*G9*H9 -> 0.18381824 | J9: =B9*I9 -> 1.019511 | K9: =J9*Assumptions!$B$9 -> 0.35988738 | L9: =J9*Assumptions!$B$10 -> 0.065452605
A10: gpt-5.4-nano (xhigh) | B10: =Table7!L10 -> 11.332236 | C10: =Corpus!E10 -> 153.7 | D10: =Corpus!F10 -> 19.8 | E10: =Corpus!Q10 -> xHigh | F10: =IF(Corpus!R10="5x",Assumptions!$B$17,Assumptions!$B$19) -> 0.36 | G10: =C10/(C10+D10) -> 0.88587896 | H10: =IF(Corpus!Q10="None",1,Corpus!N10/Corpus!H10) -> 0.54864865 | I10: =F10*G10*H10 -> 0.17497307 | J10: =B10*I10 -> 1.9828362 | K10: =J10*Assumptions!$B$9 -> 0.69994117 | L10: =J10*Assumptions!$B$10 -> 0.12729808
A11: gpt-5.4-mini (non-reasoning) | B11: =Table7!L11 -> 3.2514908 | C11: =Corpus!E11 -> 140.5 | D11: =Corpus!F11 -> 18.1 | E11: =Corpus!Q11 -> None | F11: =IF(Corpus!R11="5x",Assumptions!$B$17,Assumptions!$B$19) -> 0.36 | G11: =C11/(C11+D11) -> 0.88587642 | H11: =IF(Corpus!Q11="None",1,Corpus!N11/Corpus!H11) -> 1 | I11: =F11*G11*H11 -> 0.31891551 | J11: =B11*I11 -> 1.0369509 | K11: =J11*Assumptions!$B$9 -> 0.36604365 | L11: =J11*Assumptions!$B$10 -> 0.066572245
A12: gpt-5.4-mini (medium) | B12: =Table7!L12 -> 5.6145545 | C12: =Corpus!E12 -> 136.7 | D12: =Corpus!F12 -> 15.2 | E12: =Corpus!Q12 -> Medium | F12: =IF(Corpus!R12="5x",Assumptions!$B$17,Assumptions!$B$19) -> 0.36 | G12: =C12/(C12+D12) -> 0.89993417 | H12: =IF(Corpus!Q12="None",1,Corpus!N12/Corpus!H12) -> 0.64670659 | I12: =F12*G12*H12 -> 0.20951761 | J12: =B12*I12 -> 1.176348 | K12: =J12*Assumptions!$B$9 -> 0.41525085 | L12: =J12*Assumptions!$B$10 -> 0.075521543
A13: gpt-5.4-mini (xhigh) | B13: =Table7!L13 -> 42.19453 | C13: =Corpus!E13 -> 139.2 | D13: =Corpus!F13 -> 24.5 | E13: =Corpus!Q13 -> xHigh | F13: =IF(Corpus!R13="5x",Assumptions!$B$17,Assumptions!$B$19) -> 0.36 | G13: =C13/(C13+D13) -> 0.85033598 | H13: =IF(Corpus!Q13="None",1,Corpus!N13/Corpus!H13) -> 0.28516526 | I13: =F13*G13*H13 -> 0.08729506 | J13: =B13*I13 -> 3.6833741 | K13: =J13*Assumptions!$B$9 -> 1.3002311 | L13: =J13*Assumptions!$B$10 -> 0.23647262
A14: gpt-5.4 (non-reasoning) | B14: =Table7!L14 -> 5.5015043 | C14: =Corpus!E14 -> 86 | D14: =Corpus!F14 -> 12.7 | E14: =Corpus!Q14 -> None | F14: =IF(Corpus!R14="5x",Assumptions!$B$17,Assumptions!$B$19) -> 0.36 | G14: =C14/(C14+D14) -> 0.87132725 | H14: =IF(Corpus!Q14="None",1,Corpus!N14/Corpus!H14) -> 1 | I14: =F14*G14*H14 -> 0.31367781 | J14: =B14*I14 -> 1.7256998 | K14: =J14*Assumptions!$B$9 -> 0.60917204 | L14: =J14*Assumptions!$B$10 -> 0.11078993
... A36: gpt-5.6-terra (xhigh) | B36: =Table7!L36 -> 8.3417643 | C36: =Corpus!E36 -> 94.7 | D36: =Corpus!F36 -> 8.4 | E36: =Corpus!Q36 -> xHigh | F36: =IF(Corpus!R36="5x",Assumptions!$B$17,Assumptions!$B$19) -> 0.36 | G36: =C36/(C36+D36) -> 0.9185257 | H36: =IF(Corpus!Q36="None",1,Corpus!N36/Corpus!H36) -> 0.64285714 | I36: =F36*G36*H36 -> 0.21257309 | J36: =B36*I36 -> 1.7732346 | K36: =J36*Assumptions!$B$9 -> 0.62595182 | L36: =J36*Assumptions!$B$10 -> 0.11384166

Sheet C_High
A1: Appendix C — staged high-range calculation (formulas). T uses daily-median mean/SD; R band: floor (low) / short-query edge (high) relative to 1k central.
A2: Model | B2: Adjusted Wh | C2: TPS Mean | D2: TPS SD | E2: Reasoning Mode | F2: Fixed_high | G2: TPS_high | H2: R_high | I2: Compounded | J2: Wh_high | K2: LB gCO2e/1,000 tokens | L2: MB gCO2e/1,000 tokens
A3: gpt-4o-mini | B3: =Table7!L3 -> 2.0195 | C3: =Corpus!E3 -> 80.1 | D3: =Corpus!F3 -> 23.9 | E3: =Corpus!Q3 -> None | F3: =IF(Corpus!R3="5x",Assumptions!$B$18,Assumptions!$B$20) -> 1.03 | G3: =C3/(C3-D3) -> 1.4252669 | H3: =IF(Corpus!Q3="None",1,IF(Corpus!J3="",1,Corpus!J3/Corpus!H3)) -> 1 | I3: =F3*G3*H3 -> 1.4680249 | J3: =B3*I3 -> 2.9646763 | K3: =J3*Assumptions!$B$9 -> 1.0465307 | L3: =J3*Assumptions!$B$10 -> 0.19033222
A4: gpt-5 (high) | B4: =Table7!L4 -> 41.935241 | C4: =Corpus!E4 -> 68.1 | D4: =Corpus!F4 -> 15.7 | E4: =Corpus!Q4 -> High | F4: =IF(Corpus!R4="5x",Assumptions!$B$18,Assumptions!$B$20) -> 1.52 | G4: =C4/(C4-D4) -> 1.2996183 | H4: =IF(Corpus!Q4="None",1,IF(Corpus!J4="",1,Corpus!J4/Corpus!H4)) -> 1.4869281 | I4: =F4*G4*H4 -> 2.9373073 | J4: =B4*I4 -> 123.17669 | K4: =J4*Assumptions!$B$9 -> 43.481371 | L4: =J4*Assumptions!$B$10 -> 7.9079434
A5: gpt-5 (xhigh) | B5: =Table7!L5 -> 28.666084 | C5: =Corpus!E5 -> 63.8 | D5: =Corpus!F5 -> 16.7 | E5: =Corpus!Q5 -> xHigh | F5: =IF(Corpus!R5="5x",Assumptions!$B$18,Assumptions!$B$20) -> 1.52 | G5: =C5/(C5-D5) -> 1.3545648 | H5: =IF(Corpus!Q5="None",1,IF(Corpus!J5="",1,Corpus!J5/Corpus!H5)) -> 1.5386667 | I5: =F5*G5*H5 -> 3.1680199 | J5: =B5*I5 -> 90.814726 | K5: =J5*Assumptions!$B$9 -> 32.057598 | L5: =J5*Assumptions!$B$10 -> 5.8303054
A6: gpt-5.2 (non-reasoning) | B6: =Table7!L6 -> 7.8407841 | C6: =Corpus!E6 -> 59.6 | D6: =Corpus!F6 -> 6.4 | E6: =Corpus!Q6 -> None | F6: =IF(Corpus!R6="5x",Assumptions!$B$18,Assumptions!$B$20) -> 1.52 | G6: =C6/(C6-D6) -> 1.1203008 | H6: =IF(Corpus!Q6="None",1,IF(Corpus!J6="",1,Corpus!J6/Corpus!H6)) -> 1 | I6: =F6*G6*H6 -> 1.7028571 | J6: =B6*I6 -> 13.351735 | K6: =J6*Assumptions!$B$9 -> 4.7131625 | L6: =J6*Assumptions!$B$10 -> 0.8571814
A7: gpt-5.2 (xhigh) | B7: =Table7!L7 -> 25.634176 | C7: =Corpus!E7 -> 59.1 | D7: =Corpus!F7 -> 6.9 | E7: =Corpus!Q7 -> xHigh | F7: =IF(Corpus!R7="5x",Assumptions!$B$18,Assumptions!$B$20) -> 1.52 | G7: =C7/(C7-D7) -> 1.1321839 | H7: =IF(Corpus!Q7="None",1,IF(Corpus!J7="",1,Corpus!J7/Corpus!H7)) -> 1.1149068 | I7: =F7*G7*H7 -> 1.918665 | J7: =B7*I7 -> 49.183394 | K7: =J7*Assumptions!$B$9 -> 17.361738 | L7: =J7*Assumptions!$B$10 -> 3.1575739
A8: gpt-5.4-nano (non-reasoning) | B8: =Table7!L8 -> 3.0195381 | C8: =Corpus!E8 -> 156.6 | D8: =Corpus!F8 -> 18.7 | E8: =Corpus!Q8 -> None | F8: =IF(Corpus!R8="5x",Assumptions!$B$18,Assumptions!$B$20) -> 1.52 | G8: =C8/(C8-D8) -> 1.1356055 | H8: =IF(Corpus!Q8="None",1,IF(Corpus!J8="",1,Corpus!J8/Corpus!H8)) -> 1 | I8: =F8*G8*H8 -> 1.7261204 | J8: =B8*I8 -> 5.2120863 | K8: =J8*Assumptions!$B$9 -> 1.8398665 | L8: =J8*Assumptions!$B$10 -> 0.33461594
A9: gpt-5.4-nano (medium) | B9: =Table7!L9 -> 5.5462993 | C9: =Corpus!E9 -> 152.3 | D9: =Corpus!F9 -> 22.1 | E9: =Corpus!Q9 -> Medium | F9: =IF(Corpus!R9="5x",Assumptions!$B$18,Assumptions!$B$20) -> 1.52 | G9: =C9/(C9-D9) -> 1.1697389 | H9: =IF(Corpus!Q9="None",1,IF(Corpus!J9="",1,Corpus!J9/Corpus!H9)) -> 1.0819672 | I9: =F9*G9*H9 -> 1.923741 | J9: =B9*I9 -> 10.669643 | K9: =J9*Assumptions!$B$9 -> 3.7663841 | L9: =J9*Assumptions!$B$10 -> 0.68499111
A10: gpt-5.4-nano (xhigh) | B10: =Table7!L10 -> 11.332236 | C10: =Corpus!E10 -> 153.7 | D10: =Corpus!F10 -> 19.8 | E10: =Corpus!Q10 -> xHigh | F10: =IF(Corpus!R10="5x",Assumptions!$B$18,Assumptions!$B$20) -> 1.52 | G10: =C10/(C10-D10) -> 1.1478715 | H10: =IF(Corpus!Q10="None",1,IF(Corpus!J10="",1,Corpus!J10/Corpus!H10)) -> 1.1081081 | I10: =F10*G10*H10 -> 1.933388 | J10: =B10*I10 -> 21.90961 | K10: =J10*Assumptions!$B$9 -> 7.7340922 | L10: =J10*Assumptions!$B$10 -> 1.4065969
A11: gpt-5.4-mini (non-reasoning) | B11: =Table7!L11 -> 3.2514908 | C11: =Corpus!E11 -> 140.5 | D11: =Corpus!F11 -> 18.1 | E11: =Corpus!Q11 -> None | F11: =IF(Corpus!R11="5x",Assumptions!$B$18,Assumptions!$B$20) -> 1.52 | G11: =C11/(C11-D11) -> 1.1478758 | H11: =IF(Corpus!Q11="None",1,IF(Corpus!J11="",1,Corpus!J11/Corpus!H11)) -> 1 | I11: =F11*G11*H11 -> 1.7447712 | J11: =B11*I11 -> 5.6731077 | K11: =J11*Assumptions!$B$9 -> 2.002607 | L11: =J11*Assumptions!$B$10 -> 0.36421351
A12: gpt-5.4-mini (medium) | B12: =Table7!L12 -> 5.6145545 | C12: =Corpus!E12 -> 136.7 | D12: =Corpus!F12 -> 15.2 | E12: =Corpus!Q12 -> Medium | F12: =IF(Corpus!R12="5x",Assumptions!$B$18,Assumptions!$B$20) -> 1.52 | G12: =C12/(C12-D12) -> 1.1251029 | H12: =IF(Corpus!Q12="None",1,IF(Corpus!J12="",1,Corpus!J12/Corpus!H12)) -> 1.0658683 | I12: =F12*G12*H12 -> 1.8228014 | J12: =B12*I12 -> 10.234218 | K12: =J12*Assumptions!$B$9 -> 3.6126789 | L12: =J12*Assumptions!$B$10 -> 0.65703679
A13: gpt-5.4-mini (xhigh) | B13: =Table7!L13 -> 42.19453 | C13: =Corpus!E13 -> 139.2 | D13: =Corpus!F13 -> 24.5 | E13: =Corpus!Q13 -> xHigh | F13: =IF(Corpus!R13="5x",Assumptions!$B$18,Assumptions!$B$20) -> 1.52 | G13: =C13/(C13-D13) -> 1.2136007 | H13: =IF(Corpus!Q13="None",1,IF(Corpus!J13="",1,Corpus!J13/Corpus!H13)) -> 0.96079939 | I13: =F13*G13*H13 -> 1.7723607 | J13: =B13*I13 -> 74.783929 | K13: =J13*Assumptions!$B$9 -> 26.398727 | L13: =J13*Assumptions!$B$10 -> 4.8011283
A14: gpt-5.4 (non-reasoning) | B14: =Table7!L14 -> 5.5015043 | C14: =Corpus!E14 -> 86 | D14: =Corpus!F14 -> 12.7 | E14: =Corpus!Q14 -> None | F14: =IF(Corpus!R14="5x",Assumptions!$B$18,Assumptions!$B$20) -> 1.52 | G14: =C14/(C14-D14) -> 1.1732606 | H14: =IF(Corpus!Q14="None",1,IF(Corpus!J14="",1,Corpus!J14/Corpus!H14)) -> 1 | I14: =F14*G14*H14 -> 1.7833561 | J14: =B14*I14 -> 9.8111411 | K14: =J14*Assumptions!$B$9 -> 3.4633328 | L14: =J14*Assumptions!$B$10 -> 0.62987526
... A36: gpt-5.6-terra (xhigh) | B36: =Table7!L36 -> 8.3417643 | C36: =Corpus!E36 -> 94.7 | D36: =Corpus!F36 -> 8.4 | E36: =Corpus!Q36 -> xHigh | F36: =IF(Corpus!R36="5x",Assumptions!$B$18,Assumptions!$B$20) -> 1.52 | G36: =C36/(C36-D36) -> 1.0973349 | H36: =IF(Corpus!Q36="None",1,IF(Corpus!J36="",1,Corpus!J36/Corpus!H36)) -> 1.1547619 | I36: =F36*G36*H36 -> 1.926084 | J36: =B36*I36 -> 16.066939 | K36: =J36*Assumptions!$B$9 -> 5.6716293 | L36: =J36*Assumptions!$B$10 -> 1.0314975

Sheet Table9
A1: Table 9 — uncertainty bounds (links to C_Low / C_High and Table 8).
A2: Model | B2: LB Low | C2: LB Central | D2: LB High | E2: MB Low | F2: MB Central | G2: MB High
A3: gpt-4o-mini | B3: =C_Low!K3 -> 0.36786845 | C3: =Table8!E3 -> 0.7128835 | D3: =C_High!K3 -> 1.0465307 | E3: =C_Low!L3 -> 0.06690412 | F3: =Table8!F3 -> 0.1296519 | G3: =C_High!L3 -> 0.19033222
A4: gpt-5 (high) | B4: =C_Low!K4 -> 2.2927306 | C4: =Table8!E4 -> 14.80314 | D4: =C_High!K4 -> 43.481371 | E4: =C_Low!L4 -> 0.4169782 | F4: =Table8!F4 -> 2.6922424 | G4: =C_High!L4 -> 7.9079434
A5: gpt-5 (xhigh) | B5: =C_Low!K5 -> 1.2857472 | C5: =Table8!E5 -> 10.119128 | D5: =C_High!K5 -> 32.057598 | E5: =C_Low!L5 -> 0.23383844 | F5: =Table8!F5 -> 1.8403626 | G5: =C_High!L5 -> 5.8303054
A6: gpt-5.2 (non-reasoning) | B6: =C_Low!K6 -> 0.89978557 | C6: =Table8!E6 -> 2.7677968 | D6: =C_High!K6 -> 4.7131625 | E6: =C_Low!L6 -> 0.16364372 | F6: =Table8!F6 -> 0.50337834 | G6: =C_High!L6 -> 0.8571814
A7: gpt-5.2 (xhigh) | B7: =C_Low!K7 -> 1.3407443 | C7: =Table8!E7 -> 9.048864 | D7: =C_High!K7 -> 17.361738 | E7: =C_Low!L7 -> 0.24384074 | F7: =Table8!F7 -> 1.6457141 | G7: =C_High!L7 -> 3.1575739
A8: gpt-5.4-nano (non-reasoning) | B8: =C_Low!K8 -> 0.34278954 | C8: =Table8!E8 -> 1.065897 | D8: =C_High!K8 -> 1.8398665 | E8: =C_Low!L8 -> 0.062343028 | F8: =Table8!F8 -> 0.19385435 | G8: =C_High!L8 -> 0.33461594
A9: gpt-5.4-nano (medium) | B9: =C_Low!K9 -> 0.35988738 | C9: =Table8!E9 -> 1.9578436 | D9: =C_High!K9 -> 3.7663841 | E9: =C_Low!L9 -> 0.065452605 | F9: =Table8!F9 -> 0.35607241 | G9: =C_High!L9 -> 0.68499111
A10: gpt-5.4-nano (xhigh) | B10: =C_Low!K10 -> 0.69994117 | C10: =Table8!E10 -> 4.0002795 | D10: =C_High!K10 -> 7.7340922 | E10: =C_Low!L10 -> 0.12729808 | F10: =Table8!F10 -> 0.72752958 | G10: =C_High!L10 -> 1.4065969
A11: gpt-5.4-mini (non-reasoning) | B11: =C_Low!K11 -> 0.36604365 | C11: =Table8!E11 -> 1.1477763 | D11: =C_High!K11 -> 2.002607 | E11: =C_Low!L11 -> 0.066572245 | F11: =Table8!F11 -> 0.20874571 | G11: =C_High!L11 -> 0.36421351
A12: gpt-5.4-mini (medium) | B12: =C_Low!K12 -> 0.41525085 | C12: =Table8!E12 -> 1.9819377 | D12: =C_High!K12 -> 3.6126789 | E12: =C_Low!L12 -> 0.075521543 | F12: =Table8!F12 -> 0.3604544 | G12: =C_High!L12 -> 0.65703679
A13: gpt-5.4-mini (xhigh) | B13: =C_Low!K13 -> 1.3002311 | C13: =Table8!E13 -> 14.894669 | D13: =C_High!K13 -> 26.398727 | E13: =C_Low!L13 -> 0.23647262 | F13: =Table8!F13 -> 2.7088889 | G13: =C_High!L13 -> 4.8011283
A14: gpt-5.4 (non-reasoning) | B14: =C_Low!K14 -> 0.60917204 | C14: =Table8!E14 -> 1.942031 | D14: =C_High!K14 -> 3.4633328 | E14: =C_Low!L14 -> 0.11078993 | F14: =Table8!F14 -> 0.35319658 | G14: =C_High!L14 -> 0.62987526
... A36: gpt-5.6-terra (xhigh) | B36: =C_Low!K36 -> 0.62595182 | C36: =Table8!E36 -> 2.9446428 | D36: =C_High!K36 -> 5.6716293 | E36: =C_Low!L36 -> 0.11384166 | F36: =Table8!F36 -> 0.53554127 | G36: =C_High!L36 -> 1.0314975

Sheet T1_GPT55_Grid
A1: Table 1 — GPT-5.5 measured reasoning-mode multipliers: difficulty x length grid (medians, v2 fixed-task records, frozen corpus).
A2: Mode | B2: Hard-short (100/300) | C2: n | D2: Hard-medium (1k/1k) | E2: n | F2: Hard-long (10k/1.5k) | G2: n | H2: Easy floor (10k summarise) | I2: Heavy task k=36 (1k) | J2: n
A3: Minimal | B3: 2.07 | C3: 37 | D3: 1.71 | E3: 39 | F3: 1.84 | G3: 4 | H3: 1.02 | I3: 5.82 | J3: 12
A4: Low | B4: 1.64 | C4: 37 | D4: 1.45 | E4: 39 | F4: 1.34 | G4: 4 | H4: 1.01 | I4: 2.07 | J4: 20
A5: Medium | B5: 2.01 | C5: 37 | D5: 1.69 | E5: 39 | F5: 1.54 | G5: 4 | H5: 1.02 | I5: 3.21 | J5: 12
A6: High | B6: 2.99 | C6: 36 | D6: 2.39 | E6: 39 | F6: 2.2 | G6: 4 | H6: 1.14 | I6: 4.93 | J6: 12
A7: Xhigh | B7: 3.52 | C7: 37 | D7: 2.46 | E7: 38 | F7: 2.76 | G7: 3 | H7: 1.29 | I7: 5.62 | J7: 12
A9: Hard-long cells carry small n (2-4): reported with that caveat. Heavy task (36-element puzzle, added 30 Jul) is the task-demand sensitivity: reported separately, NOT compounded into Table 9 bands.

Sheet TableB1
A1: Table B1 — OpenAI TPS summary, daily medians pooled per calendar day, full campaign 24 Jun - 22 Aug 2026.
A2: Model variant | B2: Mean visible TPS (o200k, daily medians) | C2: SD | D2: Days (n)
A3: gpt-4o-mini | B3: 80.1 | C3: 23.9 | D3: 57
A4: gpt-5 (high) | B4: 68.1 | C4: 15.7 | D4: 56
A5: gpt-5 (low) | B5: 61.7 | C5: 14.2 | D5: 57
A6: gpt-5 (medium) | B6: 60.8 | C6: 14.5 | D6: 57
A7: gpt-5 (minimal) | B7: 61.4 | C7: 13.3 | D7: 57
A8: gpt-5 (xhigh) | B8: 63.8 | C8: 16.7 | D8: 56
A9: gpt-5.2 (high) | B9: 57.5 | C9: 6.4 | D9: 56
A10: gpt-5.2 (low) | B10: 57 | C10: 6 | D10: 57
A11: gpt-5.2 (medium) | B11: 57.9 | C11: 6.3 | D11: 57
A12: gpt-5.2 (minimal) | B12: 59.6 | C12: 6.4 | D12: 57
A13: gpt-5.2 (xhigh) | B13: 59.1 | C13: 6.9 | D13: 56
A14: gpt-5.4 (high) | B14: 93.4 | C14: 11.3 | D14: 56
... A48: gpt-5.6-terra (xhigh) | B48: 94.7 | C48: 8.4 | D48: 40
A50: Mean SD across variants = 13.4. Variants with fewer than 8 collection days excluded (legacy gpt-5-mini/nano/5.1).

Sheet Levers
A1: Envelope log-factor report (Section 3.8 / stub after Table 9): ln(high/low) per factor. Larger = wider contribution to the envelope.
A2: Model | B2: ln A span | C2: ln PQPC span | D2: ln P span | E2: ln T span | F2: ln R span | G2: R heavy (k=36) central
A3: gpt-4o-mini | B3: 0.34 | C3: 0 | D3: 0.08 | E3: 0.62 | F3: 0 | G3: 1
A4: gpt-5 (high) | B4: 0.34 | C4: 1.03 | D4: 0.08 | E4: 0.47 | F4: 1.03 | G4: 14.39
A5: gpt-5 (xhigh) | B5: 0.34 | C5: 1.03 | D5: 0.08 | E5: 0.54 | F5: 1.24 | G5: 8.71
A6: gpt-5.2 (non-reasoning) | B6: 0.34 | C6: 1.03 | D6: 0.08 | E6: 0.22 | F6: 0 | G6: 1
A7: gpt-5.2 (xhigh) | B7: 0.34 | C7: 1.03 | D7: 0.08 | E7: 0.23 | F7: 0.89 | G7: 7.08
A8: gpt-5.4-nano (non-reasoning) | B8: 0.34 | C8: 1.03 | D8: 0.08 | E8: 0.24 | F8: 0 | G8: 1
A9: gpt-5.4-nano (medium) | B9: 0.34 | C9: 1.03 | D9: 0.08 | E9: 0.29 | F9: 0.62 | G9: 3.62
A10: gpt-5.4-nano (xhigh) | B10: 0.34 | C10: 1.03 | D10: 0.08 | E10: 0.26 | F10: 0.7 | G10: 8.31
A11: gpt-5.4-mini (non-reasoning) | B11: 0.34 | C11: 1.03 | D11: 0.08 | E11: 0.26 | F11: 0 | G11: 1
A12: gpt-5.4-mini (medium) | B12: 0.34 | C12: 1.03 | D12: 0.08 | E12: 0.22 | F12: 0.5 | G12: 3.66
A13: gpt-5.4-mini (xhigh) | B13: 0.34 | C13: 1.03 | D13: 0.08 | E13: 0.36 | F13: 1.21 | G13: 35.9
A14: gpt-5.4 (non-reasoning) | B14: 0.34 | C14: 1.03 | D14: 0.08 | E14: 0.3 | F14: 0 | G14: 1
... A36: gpt-5.6-terra (xhigh) | B36: 0.34 | C36: 1.03 | D36: 0.08 | E36: 0.18 | F36: 0.59 | G36: 3.88
A38: Cross-variant means: PQPC 1.03, R 0.71, A 0.34, T 0.3, P 0.08 -> envelope ranking: PQPC > R > A > T > P.
